Row,Line,Node,Level,OrbitIdx,OrbitRep,StabOrder,OrbitLength,SV_length
0,0,51768,12,0,"0,1,2,3,55,71,91,107,128,160,219,255",1,6950204928,0
1,1,51769,12,1,"0,1,2,3,55,71,91,107,128,160,219,267",2,3475102464,0
2,2,51770,12,2,"0,1,2,3,55,71,91,107,128,160,255,303",2,3475102464,0
3,3,51771,12,3,"0,1,2,3,55,71,91,107,128,219,231,255",1,6950204928,0
4,4,51772,12,4,"0,1,2,3,55,71,91,107,128,219,231,267",1,6950204928,0
5,5,51773,12,5,"0,1,2,3,55,71,91,107,128,219,255,299",1,6950204928,0
6,6,51774,12,6,"0,1,2,3,55,71,91,107,128,231,255,303",1,6950204928,0
7,7,51775,12,7,"0,1,2,3,55,71,91,107,133,147,186,219",1,6950204928,0
8,8,51776,12,8,"0,1,2,3,55,71,91,107,133,186,219,299",1,6950204928,0
9,9,51777,12,9,"0,1,2,3,55,71,91,107,134,148,183,212",1,6950204928,0
10,10,51778,12,10,"0,1,2,3,55,71,91,107,134,148,183,231",1,6950204928,0
11,11,51779,12,11,"0,1,2,3,55,71,91,107,134,148,195,231",2,3475102464,0
12,12,51780,12,12,"0,1,2,3,55,71,91,107,134,148,212,262",4,1737551232,0
13,13,51781,12,13,"0,1,2,3,55,71,91,107,134,148,231,262",2,3475102464,0
14,14,51782,12,14,"0,1,2,3,55,71,91,107,134,149,221,303",1,6950204928,0
15,15,51783,12,15,"0,1,2,3,55,71,91,107,134,149,231,303",1,6950204928,0
16,16,51784,12,16,"0,1,2,3,55,71,91,107,134,183,231,262",2,3475102464,0
17,17,51785,12,17,"0,1,2,3,55,71,91,107,134,221,262,301",2,3475102464,0
18,18,51786,12,18,"0,1,2,3,55,71,91,107,147,183,267,303",2,3475102464,0
19,19,51787,12,19,"0,1,2,3,55,71,91,107,148,183,212,231",2,3475102464,0
20,20,51788,12,20,"0,1,2,3,55,71,91,107,183,219,231,267",2,3475102464,0
21,21,51789,12,21,"0,1,2,3,55,71,91,107,183,231,255,303",2,3475102464,0
22,22,51790,12,22,"0,1,2,3,55,71,91,110,133,143,175,236",1,6950204928,0
23,23,51791,12,23,"0,1,2,3,55,71,91,110,133,143,175,284",1,6950204928,0
24,24,51792,12,24,"0,1,2,3,55,71,91,110,133,143,219,284",2,3475102464,0
25,25,51793,12,25,"0,1,2,3,55,71,91,110,133,175,215,301",1,6950204928,0
26,26,51794,12,26,"0,1,2,3,55,71,91,110,135,175,215,284",1,6950204928,0
27,27,51795,12,27,"0,1,2,3,55,71,91,110,143,183,204,219",1,6950204928,0
28,28,51796,12,28,"0,1,2,3,55,71,91,110,143,219,243,301",1,6950204928,0
29,29,51797,12,29,"0,1,2,3,55,71,91,110,143,243,284,303",1,6950204928,0
30,30,51798,12,30,"0,1,2,3,55,71,91,110,158,182,197,300",1,6950204928,0
31,31,51799,12,31,"0,1,2,3,55,71,91,110,158,183,204,215",2,3475102464,0
32,32,51800,12,32,"0,1,2,3,55,71,91,110,158,183,215,286",1,6950204928,0
33,33,51801,12,33,"0,1,2,3,55,71,91,110,158,185,215,286",1,6950204928,0
34,34,51802,12,34,"0,1,2,3,55,71,91,110,158,185,233,286",1,6950204928,0
35,35,51803,12,35,"0,1,2,3,55,71,91,110,182,197,243,300",1,6950204928,0
36,36,51804,12,36,"0,1,2,3,55,71,91,110,183,204,219,267",2,3475102464,0
37,37,51805,12,37,"0,1,2,3,55,71,91,110,183,215,255,286",1,6950204928,0
38,38,51806,12,38,"0,1,2,3,55,71,91,110,185,215,255,286",1,6950204928,0
39,39,51807,12,39,"0,1,2,3,55,71,91,110,215,255,286,301",1,6950204928,0
40,40,51808,12,40,"0,1,2,3,55,71,91,113,133,161,186,298",4,1737551232,0
41,41,51809,12,41,"0,1,2,3,55,71,91,113,133,161,219,238",1,6950204928,0
42,42,51810,12,42,"0,1,2,3,55,71,91,113,133,175,195,284",1,6950204928,0
43,43,51811,12,43,"0,1,2,3,55,71,91,113,133,187,284,298",1,6950204928,0
44,44,51812,12,44,"0,1,2,3,55,71,91,113,133,195,262,298",1,6950204928,0
45,45,51813,12,45,"0,1,2,3,55,71,91,113,133,195,284,298",1,6950204928,0
46,46,51814,12,46,"0,1,2,3,55,71,91,113,133,238,284,298",1,6950204928,0
47,47,51815,12,47,"0,1,2,3,55,71,91,113,133,243,262,301",1,6950204928,0
48,48,51816,12,48,"0,1,2,3,55,71,91,113,149,175,195,269",4,1737551232,0
49,49,51817,12,49,"0,1,2,3,55,71,91,113,149,175,195,284",1,6950204928,0
50,50,51818,12,50,"0,1,2,3,55,71,91,113,149,175,196,262",1,6950204928,0
51,51,51819,12,51,"0,1,2,3,55,71,91,113,149,175,236,269",2,3475102464,0
52,52,51820,12,52,"0,1,2,3,55,71,91,113,149,175,262,301",1,6950204928,0
53,53,51821,12,53,"0,1,2,3,55,71,91,113,149,175,269,301",2,3475102464,0
54,54,51822,12,54,"0,1,2,3,55,71,91,113,149,186,231,269",1,6950204928,0
55,55,51823,12,55,"0,1,2,3,55,71,91,113,149,186,236,269",1,6950204928,0
56,56,51824,12,56,"0,1,2,3,55,71,91,113,149,187,236,269",1,6950204928,0
57,57,51825,12,57,"0,1,2,3,55,71,91,113,149,243,262,301",1,6950204928,0
58,58,51826,12,58,"0,1,2,3,55,71,91,113,149,243,269,301",1,6950204928,0
59,59,51827,12,59,"0,1,2,3,55,71,91,113,160,175,236,269",2,3475102464,0
60,60,51828,12,60,"0,1,2,3,55,71,91,113,160,175,269,301",1,6950204928,0
61,61,51829,12,61,"0,1,2,3,55,71,91,113,160,243,269,301",1,6950204928,0
62,62,51830,12,62,"0,1,2,3,55,71,91,113,161,182,262,298",1,6950204928,0
63,63,51831,12,63,"0,1,2,3,55,71,91,113,175,195,231,262",1,6950204928,0
64,64,51832,12,64,"0,1,2,3,55,71,91,113,175,195,231,269",1,6950204928,0
65,65,51833,12,65,"0,1,2,3,55,71,91,113,182,197,221,236",1,6950204928,0
66,66,51834,12,66,"0,1,2,3,55,71,91,113,182,221,262,298",1,6950204928,0
67,67,51835,12,67,"0,1,2,3,55,71,91,113,182,221,262,299",2,3475102464,0
68,68,51836,12,68,"0,1,2,3,55,71,91,114,130,238,282,305",1,6950204928,0
69,69,51837,12,69,"0,1,2,3,55,71,91,114,133,147,212,226",1,6950204928,0
70,70,51838,12,70,"0,1,2,3,55,71,91,114,133,161,186,236",2,3475102464,0
71,71,51839,12,71,"0,1,2,3,55,71,91,114,133,212,226,262",1,6950204928,0
72,72,51840,12,72,"0,1,2,3,55,71,91,114,134,204,249,269",1,6950204928,0
73,73,51841,12,73,"0,1,2,3,55,71,91,114,135,179,231,300",4,1737551232,0
74,74,51842,12,74,"0,1,2,3,55,71,91,114,147,212,226,262",2,3475102464,0
75,75,51843,12,75,"0,1,2,3,55,71,91,114,179,238,268,286",2,3475102464,0
76,76,51844,12,76,"0,1,2,3,55,71,91,114,185,221,249,269",1,6950204928,0
77,77,51845,12,77,"0,1,2,3,55,71,91,114,185,245,268,286",2,3475102464,0
78,78,51846,12,78,"0,1,2,3,55,71,91,116,134,143,183,284",1,6950204928,0
79,79,51847,12,79,"0,1,2,3,55,71,91,116,134,183,212,284",1,6950204928,0
80,80,51848,12,80,"0,1,2,3,55,71,91,116,134,183,255,284",3,2316734976,0
81,81,51849,12,81,"0,1,2,3,55,71,91,116,134,212,284,305",1,6950204928,0
82,82,51850,12,82,"0,1,2,3,55,71,91,116,135,143,183,284",1,6950204928,0
83,83,51851,12,83,"0,1,2,3,55,71,91,116,135,147,187,267",2,3475102464,0
84,84,51852,12,84,"0,1,2,3,55,71,91,116,135,183,212,284",1,6950204928,0
85,85,51853,12,85,"0,1,2,3,55,71,91,116,135,187,284,298",6,1158367488,0
86,86,51854,12,86,"0,1,2,3,55,71,91,116,143,196,238,243",1,6950204928,0
87,87,51855,12,87,"0,1,2,3,55,71,91,116,143,196,243,284",2,3475102464,0
88,88,51856,12,88,"0,1,2,3,55,71,91,116,143,238,243,284",2,3475102464,0
89,89,51857,12,89,"0,1,2,3,55,71,91,116,147,175,236,255",1,6950204928,0
90,90,51858,12,90,"0,1,2,3,55,71,91,116,175,229,255,284",2,3475102464,0
91,91,51859,12,91,"0,1,2,3,55,71,91,116,185,233,243,268",2,3475102464,0
92,92,51860,12,92,"0,1,2,3,55,71,91,117,128,148,195,305",1,6950204928,0
93,93,51861,12,93,"0,1,2,3,55,71,91,117,128,182,195,226",1,6950204928,0
94,94,51862,12,94,"0,1,2,3,55,71,91,117,128,182,195,305",1,6950204928,0
95,95,51863,12,95,"0,1,2,3,55,71,91,117,128,182,226,305",2,3475102464,0
96,96,51864,12,96,"0,1,2,3,55,71,91,117,128,195,226,303",1,6950204928,0
97,97,51865,12,97,"0,1,2,3,55,71,91,117,135,160,183,267",2,3475102464,0
98,98,51866,12,98,"0,1,2,3,55,71,91,117,148,183,220,298",2,3475102464,0
99,99,51867,12,99,"0,1,2,3,55,71,91,117,148,195,238,298",1,6950204928,0
100,100,51868,12,100,"0,1,2,3,55,71,91,117,148,195,238,305",1,6950204928,0
101,101,51869,12,101,"0,1,2,3,55,71,91,117,158,182,195,262",1,6950204928,0
102,102,51870,12,102,"0,1,2,3,55,71,91,117,158,182,195,305",1,6950204928,0
103,103,51871,12,103,"0,1,2,3,55,71,91,117,158,195,215,262",1,6950204928,0
104,104,51872,12,104,"0,1,2,3,55,71,91,117,158,262,286,300",1,6950204928,0
105,105,51873,12,105,"0,1,2,3,55,71,91,117,182,195,226,282",1,6950204928,0
106,106,51874,12,106,"0,1,2,3,55,71,91,117,182,195,282,305",2,3475102464,0
107,107,51875,12,107,"0,1,2,3,55,71,91,117,182,238,282,298",2,3475102464,0
108,108,51876,12,108,"0,1,2,3,55,71,91,117,195,238,282,305",1,6950204928,0
109,109,51877,12,109,"0,1,2,3,55,71,91,118,134,149,243,269",2,3475102464,0
110,110,51878,12,110,"0,1,2,3,55,71,91,118,134,149,243,303",1,6950204928,0
111,111,51879,12,111,"0,1,2,3,55,71,91,118,147,158,233,302",1,6950204928,0
112,112,51880,12,112,"0,1,2,3,55,71,91,118,147,187,219,245",1,6950204928,0
113,113,51881,12,113,"0,1,2,3,55,71,91,118,147,196,219,238",2,3475102464,0
114,114,51882,12,114,"0,1,2,3,55,71,91,118,147,196,238,302",6,1158367488,0
115,115,51883,12,115,"0,1,2,3,55,71,91,118,158,187,268,303",2,3475102464,0
116,116,51884,12,116,"0,1,2,3,55,71,91,118,158,229,262,299",1,6950204928,0
117,117,51885,12,117,"0,1,2,3,55,71,91,118,160,187,267,303",1,6950204928,0
118,118,51886,12,118,"0,1,2,3,55,71,91,118,160,187,268,303",1,6950204928,0
119,119,51887,12,119,"0,1,2,3,55,71,91,118,160,196,267,303",1,6950204928,0
120,120,51888,12,120,"0,1,2,3,55,71,91,118,160,243,268,282",1,6950204928,0
121,121,51889,12,121,"0,1,2,3,55,71,91,118,182,238,268,282",2,3475102464,0
122,122,51890,12,122,"0,1,2,3,55,71,91,118,182,245,268,282",1,6950204928,0
123,123,51891,12,123,"0,1,2,3,55,71,91,118,196,233,245,268",1,6950204928,0
124,124,51892,12,124,"0,1,2,3,55,71,91,118,196,243,268,303",3,2316734976,0
125,125,51893,12,125,"0,1,2,3,55,71,91,130,148,160,187,305",1,6950204928,0
126,126,51894,12,126,"0,1,2,3,55,71,91,130,149,185,220,233",1,6950204928,0
127,127,51895,12,127,"0,1,2,3,55,71,91,130,149,185,220,243",1,6950204928,0
128,128,51896,12,128,"0,1,2,3,55,71,91,130,149,220,233,262",1,6950204928,0
129,129,51897,12,129,"0,1,2,3,55,71,91,130,149,220,243,262",1,6950204928,0
130,130,51898,12,130,"0,1,2,3,55,71,91,130,160,196,233,303",1,6950204928,0
131,131,51899,12,131,"0,1,2,3,55,71,91,130,185,220,233,243",1,6950204928,0
132,132,51900,12,132,"0,1,2,3,55,71,91,130,185,221,233,243",1,6950204928,0
133,133,51901,12,133,"0,1,2,3,55,71,91,130,220,233,262,298",1,6950204928,0
134,134,51902,12,134,"0,1,2,3,55,71,91,130,221,233,243,303",1,6950204928,0
135,135,51903,12,135,"0,1,2,3,55,71,91,133,143,187,219,249",1,6950204928,0
136,136,51904,12,136,"0,1,2,3,55,71,91,133,143,187,219,284",1,6950204928,0
137,137,51905,12,137,"0,1,2,3,55,71,91,133,143,187,249,282",1,6950204928,0
138,138,51906,12,138,"0,1,2,3,55,71,91,133,143,196,219,243",1,6950204928,0
139,139,51907,12,139,"0,1,2,3,55,71,91,133,143,196,219,284",2,3475102464,0
140,140,51908,12,140,"0,1,2,3,55,71,91,133,143,196,238,243",2,3475102464,0
141,141,51909,12,141,"0,1,2,3,55,71,91,133,143,196,243,284",2,3475102464,0
142,142,51910,12,142,"0,1,2,3,55,71,91,133,147,186,196,219",1,6950204928,0
143,143,51911,12,143,"0,1,2,3,55,71,91,133,161,186,249,282",2,3475102464,0
144,144,51912,12,144,"0,1,2,3,55,71,91,133,185,195,215,268",1,6950204928,0
145,145,51913,12,145,"0,1,2,3,55,71,91,133,185,215,268,299",1,6950204928,0
146,146,51914,12,146,"0,1,2,3,55,71,91,133,186,219,243,301",1,6950204928,0
147,147,51915,12,147,"0,1,2,3,55,71,91,133,187,268,282,298",1,6950204928,0
148,148,51916,12,148,"0,1,2,3,55,71,91,133,195,238,284,298",1,6950204928,0
149,149,51917,12,149,"0,1,2,3,55,71,91,133,196,219,238,243",1,6950204928,0
150,150,51918,12,150,"0,1,2,3,55,71,91,134,143,183,249,284",1,6950204928,0
151,151,51919,12,151,"0,1,2,3,55,71,91,134,143,187,249,284",1,6950204928,0
152,152,51920,12,152,"0,1,2,3,55,71,91,134,143,187,249,303",1,6950204928,0
153,153,51921,12,153,"0,1,2,3,55,71,91,134,143,243,284,303",1,6950204928,0
154,154,51922,12,154,"0,1,2,3,55,71,91,134,143,249,284,303",1,6950204928,0
155,155,51923,12,155,"0,1,2,3,55,71,91,134,148,158,183,212",2,3475102464,0
156,156,51924,12,156,"0,1,2,3,55,71,91,134,148,195,231,262",1,6950204928,0
157,157,51925,12,157,"0,1,2,3,55,71,91,134,149,221,243,269",1,6950204928,0
158,158,51926,12,158,"0,1,2,3,55,71,91,134,149,221,243,303",1,6950204928,0
159,159,51927,12,159,"0,1,2,3,55,71,91,134,149,231,243,262",1,6950204928,0
160,160,51928,12,160,"0,1,2,3,55,71,91,134,149,231,243,303",2,3475102464,0
161,161,51929,12,161,"0,1,2,3,55,71,91,134,158,182,195,249",1,6950204928,0
162,162,51930,12,162,"0,1,2,3,55,71,91,134,158,183,197,212",1,6950204928,0
163,163,51931,12,163,"0,1,2,3,55,71,91,134,158,183,197,255",1,6950204928,0
164,164,51932,12,164,"0,1,2,3,55,71,91,134,158,183,255,262",1,6950204928,0
165,165,51933,12,165,"0,1,2,3,55,71,91,134,158,183,255,284",1,6950204928,0
166,166,51934,12,166,"0,1,2,3,55,71,91,134,158,183,255,286",1,6950204928,0
167,167,51935,12,167,"0,1,2,3,55,71,91,134,158,183,262,286",1,6950204928,0
168,168,51936,12,168,"0,1,2,3,55,71,91,134,158,195,249,302",1,6950204928,0
169,169,51937,12,169,"0,1,2,3,55,71,91,134,158,195,255,262",1,6950204928,0
170,170,51938,12,170,"0,1,2,3,55,71,91,134,158,197,255,284",1,6950204928,0
171,171,51939,12,171,"0,1,2,3,55,71,91,134,158,249,284,303",1,6950204928,0
172,172,51940,12,172,"0,1,2,3,55,71,91,134,179,231,255,284",1,6950204928,0
173,173,51941,12,173,"0,1,2,3,55,71,91,134,183,197,221,286",1,6950204928,0
174,174,51942,12,174,"0,1,2,3,55,71,91,134,183,197,255,286",1,6950204928,0
175,175,51943,12,175,"0,1,2,3,55,71,91,134,183,231,249,284",1,6950204928,0
176,176,51944,12,176,"0,1,2,3,55,71,91,134,183,231,255,284",1,6950204928,0
177,177,51945,12,177,"0,1,2,3,55,71,91,134,221,243,262,301",1,6950204928,0
178,178,51946,12,178,"0,1,2,3,55,71,91,134,231,255,284,303",1,6950204928,0
179,179,51947,12,179,"0,1,2,3,55,71,91,135,143,183,221,249",4,1737551232,0
180,180,51948,12,180,"0,1,2,3,55,71,91,135,149,195,231,284",2,3475102464,0
181,181,51949,12,181,"0,1,2,3,55,71,91,135,149,212,231,262",1,6950204928,0
182,182,51950,12,182,"0,1,2,3,55,71,91,135,149,212,231,284",1,6950204928,0
183,183,51951,12,183,"0,1,2,3,55,71,91,135,160,183,197,267",1,6950204928,0
184,184,51952,12,184,"0,1,2,3,55,71,91,135,175,195,231,262",1,6950204928,0
185,185,51953,12,185,"0,1,2,3,55,71,91,135,175,195,231,284",1,6950204928,0
186,186,51954,12,186,"0,1,2,3,55,71,91,135,175,215,245,284",1,6950204928,0
187,187,51955,12,187,"0,1,2,3,55,71,91,143,183,204,219,267",1,6950204928,0
188,188,51956,12,188,"0,1,2,3,55,71,91,143,183,219,249,284",1,6950204928,0
189,189,51957,12,189,"0,1,2,3,55,71,91,143,183,221,229,249",2,3475102464,0
190,190,51958,12,190,"0,1,2,3,55,71,91,143,183,221,249,303",2,3475102464,0
191,191,51959,12,191,"0,1,2,3,55,71,91,143,183,249,284,303",1,6950204928,0
192,192,51960,12,192,"0,1,2,3,55,71,91,143,187,219,249,284",1,6950204928,0
193,193,51961,12,193,"0,1,2,3,55,71,91,143,196,243,284,303",2,3475102464,0
194,194,51962,12,194,"0,1,2,3,55,71,91,147,158,183,212,262",1,6950204928,0
195,195,51963,12,195,"0,1,2,3,55,71,91,147,183,212,226,262",2,3475102464,0
196,196,51964,12,196,"0,1,2,3,55,71,91,147,196,212,238,302",2,3475102464,0
197,197,51965,12,197,"0,1,2,3,55,71,91,147,196,219,233,286",2,3475102464,0
198,198,51966,12,198,"0,1,2,3,55,71,91,147,196,219,238,286",1,6950204928,0
199,199,51967,12,199,"0,1,2,3,55,71,91,148,158,196,229,249",1,6950204928,0
200,200,51968,12,200,"0,1,2,3,55,71,91,149,196,221,236,286",1,6950204928,0
201,201,51969,12,201,"0,1,2,3,55,71,91,149,220,231,243,262",2,3475102464,0
202,202,51970,12,202,"0,1,2,3,55,71,91,158,183,212,262,299",1,6950204928,0
203,203,51971,12,203,"0,1,2,3,55,71,91,158,183,215,255,262",1,6950204928,0
204,204,51972,12,204,"0,1,2,3,55,71,91,158,183,215,255,284",1,6950204928,0
205,205,51973,12,205,"0,1,2,3,55,71,91,158,183,215,255,286",1,6950204928,0
206,206,51974,12,206,"0,1,2,3,55,71,91,158,183,215,255,299",1,6950204928,0
207,207,51975,12,207,"0,1,2,3,55,71,91,158,183,215,262,286",1,6950204928,0
208,208,51976,12,208,"0,1,2,3,55,71,91,158,183,229,255,262",1,6950204928,0
209,209,51977,12,209,"0,1,2,3,55,71,91,158,183,229,255,284",1,6950204928,0
210,210,51978,12,210,"0,1,2,3,55,71,91,158,183,229,262,299",1,6950204928,0
211,211,51979,12,211,"0,1,2,3,55,71,91,158,183,255,262,299",1,6950204928,0
212,212,51980,12,212,"0,1,2,3,55,71,91,158,185,215,255,286",1,6950204928,0
213,213,51981,12,213,"0,1,2,3,55,71,91,158,185,229,249,268",1,6950204928,0
214,214,51982,12,214,"0,1,2,3,55,71,91,158,186,196,229,299",3,2316734976,0
215,215,51983,12,215,"0,1,2,3,55,71,91,158,196,212,262,299",1,6950204928,0
216,216,51984,12,216,"0,1,2,3,55,71,91,158,196,229,249,268",1,6950204928,0
217,217,51985,12,217,"0,1,2,3,55,71,91,158,196,229,249,284",1,6950204928,0
218,218,51986,12,218,"0,1,2,3,55,71,91,158,196,233,249,268",1,6950204928,0
219,219,51987,12,219,"0,1,2,3,55,71,91,158,196,249,268,303",1,6950204928,0
220,220,51988,12,220,"0,1,2,3,55,71,91,158,196,249,284,303",1,6950204928,0
221,221,51989,12,221,"0,1,2,3,55,71,91,158,196,262,286,300",2,3475102464,0
222,222,51990,12,222,"0,1,2,3,55,71,91,160,183,197,255,286",1,6950204928,0
223,223,51991,12,223,"0,1,2,3,55,71,91,160,183,215,255,286",1,6950204928,0
224,224,51992,12,224,"0,1,2,3,55,71,91,160,219,255,286,301",1,6950204928,0
225,225,51993,12,225,"0,1,2,3,55,71,91,175,195,245,282,305",2,3475102464,0
226,226,51994,12,226,"0,1,2,3,55,71,91,182,245,268,282,298",2,3475102464,0
227,227,51995,12,227,"0,1,2,3,55,71,91,183,220,231,255,303",1,6950204928,0
228,228,51996,12,228,"0,1,2,3,55,71,91,183,220,255,262,298",2,3475102464,0
229,229,51997,12,229,"0,1,2,3,55,71,91,185,195,233,245,268",3,2316734976,0
230,230,51998,12,230,"0,1,2,3,55,71,94,109,125,158,236,268",6,1158367488,0
231,231,51999,12,231,"0,1,2,3,55,71,94,109,125,178,220,236",1,6950204928,0
232,232,52000,12,232,"0,1,2,3,55,71,94,109,125,178,236,268",2,3475102464,0
233,233,52001,12,233,"0,1,2,3,55,71,94,109,130,161,187,219",1,6950204928,0
234,234,52002,12,234,"0,1,2,3,55,71,94,109,130,161,219,277",3,2316734976,0
235,235,52003,12,235,"0,1,2,3,55,71,94,109,130,161,277,303",1,6950204928,0
236,236,52004,12,236,"0,1,2,3,55,71,94,109,130,178,214,278",1,6950204928,0
237,237,52005,12,237,"0,1,2,3,55,71,94,109,130,178,219,277",1,6950204928,0
238,238,52006,12,238,"0,1,2,3,55,71,94,109,130,178,254,278",1,6950204928,0
239,239,52007,12,239,"0,1,2,3,55,71,94,109,149,159,178,220",1,6950204928,0
240,240,52008,12,240,"0,1,2,3,55,71,94,109,149,159,178,236",1,6950204928,0
241,241,52009,12,241,"0,1,2,3,55,71,94,109,149,159,220,236",1,6950204928,0
242,242,52010,12,242,"0,1,2,3,55,71,94,109,149,159,220,303",1,6950204928,0
243,243,52011,12,243,"0,1,2,3,55,71,94,109,149,164,220,236",1,6950204928,0
244,244,52012,12,244,"0,1,2,3,55,71,94,109,149,178,220,236",1,6950204928,0
245,245,52013,12,245,"0,1,2,3,55,71,94,109,149,220,243,300",1,6950204928,0
246,246,52014,12,246,"0,1,2,3,55,71,94,109,158,187,249,268",1,6950204928,0
247,247,52015,12,247,"0,1,2,3,55,71,94,109,159,178,220,236",1,6950204928,0
248,248,52016,12,248,"0,1,2,3,55,71,94,109,161,187,219,278",1,6950204928,0
249,249,52017,12,249,"0,1,2,3,55,71,94,109,161,187,268,303",1,6950204928,0
250,250,52018,12,250,"0,1,2,3,55,71,94,109,161,192,220,300",1,6950204928,0
251,251,52019,12,251,"0,1,2,3,55,71,94,109,161,192,268,300",1,6950204928,0
252,252,52020,12,252,"0,1,2,3,55,71,94,109,161,219,238,277",1,6950204928,0
253,253,52021,12,253,"0,1,2,3,55,71,94,109,161,220,268,303",1,6950204928,0
254,254,52022,12,254,"0,1,2,3,55,71,94,109,161,268,277,300",1,6950204928,0
255,255,52023,12,255,"0,1,2,3,55,71,94,109,178,236,254,278",1,6950204928,0
256,256,52024,12,256,"0,1,2,3,55,71,94,109,187,219,249,265",1,6950204928,0
257,257,52025,12,257,"0,1,2,3,55,71,94,109,238,243,268,303",2,3475102464,0
258,258,52026,12,258,"0,1,2,3,55,71,94,110,130,201,254,265",1,6950204928,0
259,259,52027,12,259,"0,1,2,3,55,71,94,110,135,164,197,289",2,3475102464,0
260,260,52028,12,260,"0,1,2,3,55,71,94,110,143,163,254,261",1,6950204928,0
261,261,52029,12,261,"0,1,2,3,55,71,94,110,143,204,219,261",1,6950204928,0
262,262,52030,12,262,"0,1,2,3,55,71,94,110,164,204,219,261",1,6950204928,0
263,263,52031,12,263,"0,1,2,3,55,71,94,110,182,197,235,243",1,6950204928,0
264,264,52032,12,264,"0,1,2,3,55,71,94,110,219,243,261,300",1,6950204928,0
265,265,52033,12,265,"0,1,2,3,55,71,94,114,130,163,269,277",1,6950204928,0
266,266,52034,12,266,"0,1,2,3,55,71,94,114,130,235,261,299",1,6950204928,0
267,267,52035,12,267,"0,1,2,3,55,71,94,114,135,143,249,282",1,6950204928,0
268,268,52036,12,268,"0,1,2,3,55,71,94,114,143,163,204,249",1,6950204928,0
269,269,52037,12,269,"0,1,2,3,55,71,94,114,147,235,255,261",1,6950204928,0
270,270,52038,12,270,"0,1,2,3,55,71,94,114,159,178,204,220",2,3475102464,0
271,271,52039,12,271,"0,1,2,3,55,71,94,114,159,181,204,220",1,6950204928,0
272,272,52040,12,272,"0,1,2,3,55,71,94,114,161,220,236,277",1,6950204928,0
273,273,52041,12,273,"0,1,2,3,55,71,94,114,161,220,268,277",1,6950204928,0
274,274,52042,12,274,"0,1,2,3,55,71,94,114,163,220,236,277",1,6950204928,0
275,275,52043,12,275,"0,1,2,3,55,71,94,114,163,249,269,277",1,6950204928,0
276,276,52044,12,276,"0,1,2,3,55,71,94,114,178,220,268,277",2,3475102464,0
277,277,52045,12,277,"0,1,2,3,55,71,94,114,178,235,268,277",2,3475102464,0
278,278,52046,12,278,"0,1,2,3,55,71,94,114,212,249,269,282",1,6950204928,0
279,279,52047,12,279,"0,1,2,3,55,71,94,114,220,245,268,299",1,6950204928,0
280,280,52048,12,280,"0,1,2,3,55,71,94,114,220,268,277,299",1,6950204928,0
281,281,52049,12,281,"0,1,2,3,55,71,94,114,235,268,277,299",2,3475102464,0
282,282,52050,12,282,"0,1,2,3,55,71,94,115,125,148,192,212",1,6950204928,0
283,283,52051,12,283,"0,1,2,3,55,71,94,115,125,148,192,231",1,6950204928,0
284,284,52052,12,284,"0,1,2,3,55,71,94,115,125,148,192,289",1,6950204928,0
285,285,52053,12,285,"0,1,2,3,55,71,94,115,125,148,212,289",1,6950204928,0
286,286,52054,12,286,"0,1,2,3,55,71,94,115,125,148,231,254",1,6950204928,0
287,287,52055,12,287,"0,1,2,3,55,71,94,115,125,148,231,289",1,6950204928,0
288,288,52056,12,288,"0,1,2,3,55,71,94,115,125,181,219,299",2,3475102464,0
289,289,52057,12,289,"0,1,2,3,55,71,94,115,125,192,212,282",1,6950204928,0
290,290,52058,12,290,"0,1,2,3,55,71,94,115,125,192,212,289",1,6950204928,0
291,291,52059,12,291,"0,1,2,3,55,71,94,115,125,220,231,289",2,3475102464,0
292,292,52060,12,292,"0,1,2,3,55,71,94,115,130,197,254,303",3,2316734976,0
293,293,52061,12,293,"0,1,2,3,55,71,94,115,134,143,254,278",1,6950204928,0
294,294,52062,12,294,"0,1,2,3,55,71,94,115,134,148,187,245",1,6950204928,0
295,295,52063,12,295,"0,1,2,3,55,71,94,115,134,148,187,265",1,6950204928,0
296,296,52064,12,296,"0,1,2,3,55,71,94,115,134,148,245,265",2,3475102464,0
297,297,52065,12,297,"0,1,2,3,55,71,94,115,134,187,245,265",1,6950204928,0
298,298,52066,12,298,"0,1,2,3,55,71,94,115,134,199,245,265",1,6950204928,0
299,299,52067,12,299,"0,1,2,3,55,71,94,115,143,253,278,300",2,3475102464,0
300,300,52068,12,300,"0,1,2,3,55,71,94,115,148,159,192,231",1,6950204928,0
301,301,52069,12,301,"0,1,2,3,55,71,94,115,148,192,231,289",1,6950204928,0
302,302,52070,12,302,"0,1,2,3,55,71,94,115,181,204,219,269",1,6950204928,0
303,303,52071,12,303,"0,1,2,3,55,71,94,115,181,204,220,269",1,6950204928,0
304,304,52072,12,304,"0,1,2,3,55,71,94,115,181,219,231,255",1,6950204928,0
305,305,52073,12,305,"0,1,2,3,55,71,94,115,187,199,245,265",1,6950204928,0
306,306,52074,12,306,"0,1,2,3,55,71,94,115,204,220,269,277",1,6950204928,0
307,307,52075,12,307,"0,1,2,3,55,71,94,115,220,231,289,300",1,6950204928,0
308,308,52076,12,308,"0,1,2,3,55,71,94,116,142,163,182,212",1,6950204928,0
309,309,52077,12,309,"0,1,2,3,55,71,94,116,142,163,182,277",1,6950204928,0
310,310,52078,12,310,"0,1,2,3,55,71,94,116,142,182,268,277",1,6950204928,0
311,311,52079,12,311,"0,1,2,3,55,71,94,116,164,204,254,261",1,6950204928,0
312,312,52080,12,312,"0,1,2,3,55,71,94,116,182,212,261,299",1,6950204928,0
313,313,52081,12,313,"0,1,2,3,55,71,94,116,204,215,268,277",2,3475102464,0
314,314,52082,12,314,"0,1,2,3,55,71,94,118,134,158,249,269",1,6950204928,0
315,315,52083,12,315,"0,1,2,3,55,71,94,118,134,187,249,265",1,6950204928,0
316,316,52084,12,316,"0,1,2,3,55,71,94,118,134,199,245,265",1,6950204928,0
317,317,52085,12,317,"0,1,2,3,55,71,94,118,134,249,265,303",2,3475102464,0
318,318,52086,12,318,"0,1,2,3,55,71,94,118,158,197,212,262",2,3475102464,0
319,319,52087,12,319,"0,1,2,3,55,71,94,118,187,199,245,265",1,6950204928,0
320,320,52088,12,320,"0,1,2,3,55,71,94,118,187,219,249,265",1,6950204928,0
321,321,52089,12,321,"0,1,2,3,55,71,94,118,199,215,245,265",1,6950204928,0
322,322,52090,12,322,"0,1,2,3,55,71,94,125,148,192,212,231",1,6950204928,0
323,323,52091,12,323,"0,1,2,3,55,71,94,125,148,192,212,249",1,6950204928,0
324,324,52092,12,324,"0,1,2,3,55,71,94,125,148,192,212,289",1,6950204928,0
325,325,52093,12,325,"0,1,2,3,55,71,94,125,148,192,231,249",1,6950204928,0
326,326,52094,12,326,"0,1,2,3,55,71,94,125,148,192,231,289",2,3475102464,0
327,327,52095,12,327,"0,1,2,3,55,71,94,125,148,192,249,289",1,6950204928,0
328,328,52096,12,328,"0,1,2,3,55,71,94,125,148,201,212,249",2,3475102464,0
329,329,52097,12,329,"0,1,2,3,55,71,94,125,148,212,231,249",4,1737551232,0
330,330,52098,12,330,"0,1,2,3,55,71,94,125,148,212,231,289",1,6950204928,0
331,331,52099,12,331,"0,1,2,3,55,71,94,125,148,231,249,289",1,6950204928,0
332,332,52100,12,332,"0,1,2,3,55,71,94,125,178,201,236,254",1,6950204928,0
333,333,52101,12,333,"0,1,2,3,55,71,94,125,182,238,243,268",6,1158367488,0
334,334,52102,12,334,"0,1,2,3,55,71,94,125,192,212,231,249",2,3475102464,0
335,335,52103,12,335,"0,1,2,3,55,71,94,130,149,253,262,278",2,3475102464,0
336,336,52104,12,336,"0,1,2,3,55,71,94,130,178,201,214,278",1,6950204928,0
337,337,52105,12,337,"0,1,2,3,55,71,94,130,178,204,219,277",1,6950204928,0
338,338,52106,12,338,"0,1,2,3,55,71,94,130,178,214,235,243",1,6950204928,0
339,339,52107,12,339,"0,1,2,3,55,71,94,130,178,214,235,278",1,6950204928,0
340,340,52108,12,340,"0,1,2,3,55,71,94,134,147,161,187,245",1,6950204928,0
341,341,52109,12,341,"0,1,2,3,55,71,94,134,147,161,199,245",1,6950204928,0
342,342,52110,12,342,"0,1,2,3,55,71,94,134,147,178,235,245",4,1737551232,0
343,343,52111,12,343,"0,1,2,3,55,71,94,134,147,187,235,245",2,3475102464,0
344,344,52112,12,344,"0,1,2,3,55,71,94,134,147,235,255,261",1,6950204928,0
345,345,52113,12,345,"0,1,2,3,55,71,94,134,148,181,231,262",1,6950204928,0
346,346,52114,12,346,"0,1,2,3,55,71,94,134,148,187,245,265",1,6950204928,0
347,347,52115,12,347,"0,1,2,3,55,71,94,134,148,195,231,262",2,3475102464,0
348,348,52116,12,348,"0,1,2,3,55,71,94,134,148,231,254,262",1,6950204928,0
349,349,52117,12,349,"0,1,2,3,55,71,94,134,149,178,243,303",1,6950204928,0
350,350,52118,12,350,"0,1,2,3,55,71,94,134,149,231,243,262",1,6950204928,0
351,351,52119,12,351,"0,1,2,3,55,71,94,134,149,243,262,303",1,6950204928,0
352,352,52120,12,352,"0,1,2,3,55,71,94,134,158,204,249,269",1,6950204928,0
353,353,52121,12,353,"0,1,2,3,55,71,94,134,164,204,254,261",1,6950204928,0
354,354,52122,12,354,"0,1,2,3,55,71,94,134,178,199,231,254",1,6950204928,0
355,355,52123,12,355,"0,1,2,3,55,71,94,134,178,199,277,303",1,6950204928,0
356,356,52124,12,356,"0,1,2,3,55,71,94,134,181,231,262,301",3,2316734976,0
357,357,52125,12,357,"0,1,2,3,55,71,94,134,181,231,262,303",1,6950204928,0
358,358,52126,12,358,"0,1,2,3,55,71,94,134,231,254,262,301",1,6950204928,0
359,359,52127,12,359,"0,1,2,3,55,71,94,135,142,163,249,263",4,1737551232,0
360,360,52128,12,360,"0,1,2,3,55,71,94,135,142,163,249,269",6,1158367488,0
361,361,52129,12,361,"0,1,2,3,55,71,94,135,142,249,269,282",4,1737551232,0
362,362,52130,12,362,"0,1,2,3,55,71,94,135,201,255,262,278",1,6950204928,0
363,363,52131,12,363,"0,1,2,3,55,71,94,142,161,219,231,300",8,868775616,0
364,364,52132,12,364,"0,1,2,3,55,71,94,142,161,219,238,265",1,6950204928,0
365,365,52133,12,365,"0,1,2,3,55,71,94,142,161,220,245,268",1,6950204928,0
366,366,52134,12,366,"0,1,2,3,55,71,94,142,163,204,220,277",1,6950204928,0
367,367,52135,12,367,"0,1,2,3,55,71,94,142,182,217,238,254",1,6950204928,0
368,368,52136,12,368,"0,1,2,3,55,71,94,142,182,220,268,277",1,6950204928,0
369,369,52137,12,369,"0,1,2,3,55,71,94,142,182,220,277,300",1,6950204928,0
370,370,52138,12,370,"0,1,2,3,55,71,94,142,182,268,277,300",1,6950204928,0
371,371,52139,12,371,"0,1,2,3,55,71,94,142,192,217,249,282",4,1737551232,0
372,372,52140,12,372,"0,1,2,3,55,71,94,142,204,220,269,277",1,6950204928,0
373,373,52141,12,373,"0,1,2,3,55,71,94,143,163,182,254,278",1,6950204928,0
374,374,52142,12,374,"0,1,2,3,55,71,94,143,163,204,254,261",1,6950204928,0
375,375,52143,12,375,"0,1,2,3,55,71,94,148,158,201,212,249",2,3475102464,0
376,376,52144,12,376,"0,1,2,3,55,71,94,148,192,212,231,289",2,3475102464,0
377,377,52145,12,377,"0,1,2,3,55,71,94,148,192,231,249,289",1,6950204928,0
378,378,52146,12,378,"0,1,2,3,55,71,94,149,159,178,220,231",1,6950204928,0
379,379,52147,12,379,"0,1,2,3,55,71,94,149,159,178,220,236",1,6950204928,0
380,380,52148,12,380,"0,1,2,3,55,71,94,149,159,192,231,301",2,3475102464,0
381,381,52149,12,381,"0,1,2,3,55,71,94,149,163,220,262,303",1,6950204928,0
382,382,52150,12,382,"0,1,2,3,55,71,94,149,182,201,278,300",1,6950204928,0
383,383,52151,12,383,"0,1,2,3,55,71,94,149,182,220,262,300",1,6950204928,0
384,384,52152,12,384,"0,1,2,3,55,71,94,149,220,231,243,262",1,6950204928,0
385,385,52153,12,385,"0,1,2,3,55,71,94,161,192,231,262,300",2,3475102464,0
386,386,52154,12,386,"0,1,2,3,55,71,94,161,235,268,277,300",4,1737551232,0
387,387,52155,12,387,"0,1,2,3,55,71,94,164,182,195,245,299",2,3475102464,0
388,388,52156,12,388,"0,1,2,3,55,71,94,164,182,220,245,299",1,6950204928,0
389,389,52157,12,389,"0,1,2,3,55,71,94,164,201,220,245,299",1,6950204928,0
390,390,52158,12,390,"0,1,2,3,55,71,94,164,201,236,255,299",3,2316734976,0
391,391,52159,12,391,"0,1,2,3,55,71,94,178,199,231,254,303",1,6950204928,0
392,392,52160,12,392,"0,1,2,3,55,71,94,181,192,255,262,278",2,3475102464,0
393,393,52161,12,393,"0,1,2,3,55,71,94,182,195,235,245,299",1,6950204928,0
394,394,52162,12,394,"0,1,2,3,55,71,94,192,212,235,249,282",1,6950204928,0
395,395,52163,12,395,"0,1,2,3,55,71,94,201,253,262,278,300",2,3475102464,0
396,396,52164,12,396,"0,1,2,3,55,71,95,111,130,185,201,220",2,3475102464,0
397,397,52165,12,397,"0,1,2,3,55,71,95,111,142,161,185,220",2,3475102464,0
398,398,52166,12,398,"0,1,2,3,55,71,95,111,142,161,185,245",1,6950204928,0
399,399,52167,12,399,"0,1,2,3,55,71,95,111,142,161,185,303",2,3475102464,0
400,400,52168,12,400,"0,1,2,3,55,71,95,111,142,161,220,268",2,3475102464,0
401,401,52169,12,401,"0,1,2,3,55,71,95,111,142,161,245,268",1,6950204928,0
402,402,52170,12,402,"0,1,2,3,55,71,95,111,142,161,245,294",2,3475102464,0
403,403,52171,12,403,"0,1,2,3,55,71,95,111,142,185,245,286",1,6950204928,0
404,404,52172,12,404,"0,1,2,3,55,71,95,111,148,164,183,226",12,579183744,0
405,405,52173,12,405,"0,1,2,3,55,71,95,111,149,164,195,278",24,289591872,0
406,406,52174,12,406,"0,1,2,3,55,71,95,111,149,235,278,300",4,1737551232,0
407,407,52175,12,407,"0,1,2,3,55,71,95,111,164,199,221,263",3,2316734976,0
408,408,52176,12,408,"0,1,2,3,55,71,95,111,164,201,227,245",1,6950204928,0
409,409,52177,12,409,"0,1,2,3,55,71,95,111,164,227,245,286",3,2316734976,0
410,410,52178,12,410,"0,1,2,3,55,71,95,111,185,201,227,245",1,6950204928,0
411,411,52179,12,411,"0,1,2,3,55,71,95,111,185,227,245,268",2,3475102464,0
412,412,52180,12,412,"0,1,2,3,55,71,95,111,185,227,245,289",1,6950204928,0
413,413,52181,12,413,"0,1,2,3,55,71,95,111,195,219,251,278",2,3475102464,0
414,414,52182,12,414,"0,1,2,3,55,71,95,111,219,226,245,286",1,6950204928,0
415,415,52183,12,415,"0,1,2,3,55,71,95,111,219,235,278,300",1,6950204928,0
416,416,52184,12,416,"0,1,2,3,55,71,95,111,219,251,278,294",1,6950204928,0
417,417,52185,12,417,"0,1,2,3,55,71,95,111,227,245,268,286",1,6950204928,0
418,418,52186,12,418,"0,1,2,3,55,71,95,113,133,199,227,263",2,3475102464,0
419,419,52187,12,419,"0,1,2,3,55,71,95,113,145,160,183,263",2,3475102464,0
420,420,52188,12,420,"0,1,2,3,55,71,95,113,145,160,227,263",1,6950204928,0
421,421,52189,12,421,"0,1,2,3,55,71,95,113,145,175,194,263",1,6950204928,0
422,422,52190,12,422,"0,1,2,3,55,71,95,114,134,160,179,235",1,6950204928,0
423,423,52191,12,423,"0,1,2,3,55,71,95,114,143,204,227,300",2,3475102464,0
424,424,52192,12,424,"0,1,2,3,55,71,95,114,151,159,279,294",1,6950204928,0
425,425,52193,12,425,"0,1,2,3,55,71,95,114,161,185,220,300",2,3475102464,0
426,426,52194,12,426,"0,1,2,3,55,71,95,114,194,251,286,300",2,3475102464,0
427,427,52195,12,427,"0,1,2,3,55,71,95,116,128,148,253,305",2,3475102464,0
428,428,52196,12,428,"0,1,2,3,55,71,95,116,128,149,175,284",1,6950204928,0
429,429,52197,12,429,"0,1,2,3,55,71,95,116,128,149,253,284",2,3475102464,0
430,430,52198,12,430,"0,1,2,3,55,71,95,116,128,170,192,253",2,3475102464,0
431,431,52199,12,431,"0,1,2,3,55,71,95,116,128,170,253,284",2,3475102464,0
432,432,52200,12,432,"0,1,2,3,55,71,95,116,128,253,284,305",2,3475102464,0
433,433,52201,12,433,"0,1,2,3,55,71,95,116,134,147,161,193",1,6950204928,0
434,434,52202,12,434,"0,1,2,3,55,71,95,116,147,161,193,294",1,6950204928,0
435,435,52203,12,435,"0,1,2,3,55,71,95,116,149,170,194,253",1,6950204928,0
436,436,52204,12,436,"0,1,2,3,55,71,95,116,149,170,227,253",1,6950204928,0
437,437,52205,12,437,"0,1,2,3,55,71,95,116,149,170,253,284",1,6950204928,0
438,438,52206,12,438,"0,1,2,3,55,71,95,116,149,194,253,284",1,6950204928,0
439,439,52207,12,439,"0,1,2,3,55,71,95,116,170,215,227,253",1,6950204928,0
440,440,52208,12,440,"0,1,2,3,55,71,95,116,215,227,253,284",1,6950204928,0
441,441,52209,12,441,"0,1,2,3,55,71,95,117,128,148,164,195",2,3475102464,0
442,442,52210,12,442,"0,1,2,3,55,71,95,117,128,148,164,226",1,6950204928,0
443,443,52211,12,443,"0,1,2,3,55,71,95,117,128,148,195,305",1,6950204928,0
444,444,52212,12,444,"0,1,2,3,55,71,95,117,128,148,226,305",1,6950204928,0
445,445,52213,12,445,"0,1,2,3,55,71,95,117,128,170,233,249",2,3475102464,0
446,446,52214,12,446,"0,1,2,3,55,71,95,117,142,161,249,303",1,6950204928,0
447,447,52215,12,447,"0,1,2,3,55,71,95,117,145,164,194,263",2,3475102464,0
448,448,52216,12,448,"0,1,2,3,55,71,95,117,148,159,195,235",1,6950204928,0
449,449,52217,12,449,"0,1,2,3,55,71,95,117,148,159,235,251",1,6950204928,0
450,450,52218,12,450,"0,1,2,3,55,71,95,117,148,195,235,251",1,6950204928,0
451,451,52219,12,451,"0,1,2,3,55,71,95,117,161,249,289,303",2,3475102464,0
452,452,52220,12,452,"0,1,2,3,55,71,95,118,127,149,227,286",1,6950204928,0
453,453,52221,12,453,"0,1,2,3,55,71,95,118,127,227,268,286",1,6950204928,0
454,454,52222,12,454,"0,1,2,3,55,71,95,118,134,160,179,235",1,6950204928,0
455,455,52223,12,455,"0,1,2,3,55,71,95,118,134,194,263,302",4,1737551232,0
456,456,52224,12,456,"0,1,2,3,55,71,95,118,145,160,215,227",1,6950204928,0
457,457,52225,12,457,"0,1,2,3,55,71,95,118,145,160,227,286",1,6950204928,0
458,458,52226,12,458,"0,1,2,3,55,71,95,118,149,159,194,253",2,3475102464,0
459,459,52227,12,459,"0,1,2,3,55,71,95,118,160,192,235,263",1,6950204928,0
460,460,52228,12,460,"0,1,2,3,55,71,95,118,194,226,286,302",4,1737551232,0
461,461,52229,12,461,"0,1,2,3,55,71,95,118,219,226,245,286",1,6950204928,0
462,462,52230,12,462,"0,1,2,3,55,71,95,127,149,164,204,305",2,3475102464,0
463,463,52231,12,463,"0,1,2,3,55,71,95,127,164,227,254,268",1,6950204928,0
464,464,52232,12,464,"0,1,2,3,55,71,95,127,164,227,254,286",1,6950204928,0
465,465,52233,12,465,"0,1,2,3,55,71,95,127,164,227,268,286",1,6950204928,0
466,466,52234,12,466,"0,1,2,3,55,71,95,127,227,254,268,286",1,6950204928,0
467,467,52235,12,467,"0,1,2,3,55,71,95,128,151,193,268,279",2,3475102464,0
468,468,52236,12,468,"0,1,2,3,55,71,95,130,145,170,185,194",1,6950204928,0
469,469,52237,12,469,"0,1,2,3,55,71,95,130,145,170,185,227",1,6950204928,0
470,470,52238,12,470,"0,1,2,3,55,71,95,130,149,175,201,220",2,3475102464,0
471,471,52239,12,471,"0,1,2,3,55,71,95,130,149,175,204,220",2,3475102464,0
472,472,52240,12,472,"0,1,2,3,55,71,95,130,149,179,192,220",2,3475102464,0
473,473,52241,12,473,"0,1,2,3,55,71,95,130,160,179,220,229",4,1737551232,0
474,474,52242,12,474,"0,1,2,3,55,71,95,130,170,226,254,302",1,6950204928,0
475,475,52243,12,475,"0,1,2,3,55,71,95,130,179,193,220,229",2,3475102464,0
476,476,52244,12,476,"0,1,2,3,55,71,95,133,142,170,185,279",2,3475102464,0
477,477,52245,12,477,"0,1,2,3,55,71,95,133,147,159,186,279",1,6950204928,0
478,478,52246,12,478,"0,1,2,3,55,71,95,133,199,227,263,305",1,6950204928,0
479,479,52247,12,479,"0,1,2,3,55,71,95,142,161,185,220,245",2,3475102464,0
480,480,52248,12,480,"0,1,2,3,55,71,95,142,161,185,249,303",2,3475102464,0
481,481,52249,12,481,"0,1,2,3,55,71,95,142,185,220,268,279",1,6950204928,0
482,482,52250,12,482,"0,1,2,3,55,71,95,145,160,183,227,286",1,6950204928,0
483,483,52251,12,483,"0,1,2,3,55,71,95,145,185,194,286,302",1,6950204928,0
484,484,52252,12,484,"0,1,2,3,55,71,95,147,160,219,235,294",6,1158367488,0
485,485,52253,12,485,"0,1,2,3,55,71,95,147,186,193,233,245",1,6950204928,0
486,486,52254,12,486,"0,1,2,3,55,71,95,147,186,201,233,245",1,6950204928,0
487,487,52255,12,487,"0,1,2,3,55,71,95,147,186,201,253,279",1,6950204928,0
488,488,52256,12,488,"0,1,2,3,55,71,95,147,186,229,253,279",4,1737551232,0
489,489,52257,12,489,"0,1,2,3,55,71,95,147,193,220,229,279",2,3475102464,0
490,490,52258,12,490,"0,1,2,3,55,71,95,148,159,195,235,251",1,6950204928,0
491,491,52259,12,491,"0,1,2,3,55,71,95,148,185,192,220,245",2,3475102464,0
492,492,52260,12,492,"0,1,2,3,55,71,95,149,159,194,253,284",1,6950204928,0
493,493,52261,12,493,"0,1,2,3,55,71,95,149,192,235,278,300",2,3475102464,0
494,494,52262,12,494,"0,1,2,3,55,71,95,164,179,193,221,229",2,3475102464,0
495,495,52263,12,495,"0,1,2,3,55,71,95,164,227,254,268,286",1,6950204928,0
496,496,52264,12,496,"0,1,2,3,55,71,95,170,185,195,254,302",1,6950204928,0
497,497,52265,12,497,"0,1,2,3,55,71,95,185,227,245,289,305",4,1737551232,0
498,498,52266,12,498,"0,1,2,3,55,71,96,109,133,186,236,278",2,3475102464,0
499,499,52267,12,499,"0,1,2,3,55,71,96,109,133,186,278,298",6,1158367488,0
500,500,52268,12,500,"0,1,2,3,55,71,96,109,133,192,278,298",2,3475102464,0
501,501,52269,12,501,"0,1,2,3,55,71,96,109,133,238,278,298",2,3475102464,0
502,502,52270,12,502,"0,1,2,3,55,71,96,109,148,183,231,254",1,6950204928,0
503,503,52271,12,503,"0,1,2,3,55,71,96,109,148,201,212,305",24,289591872,0
504,504,52272,12,504,"0,1,2,3,55,71,96,110,186,233,289,303",2,3475102464,0
505,505,52273,12,505,"0,1,2,3,55,71,96,110,233,265,289,303",2,3475102464,0
506,506,52274,12,506,"0,1,2,3,55,71,96,111,127,221,243,269",1,6950204928,0
507,507,52275,12,507,"0,1,2,3,55,71,96,111,148,212,251,289",6,1158367488,0
508,508,52276,12,508,"0,1,2,3,55,71,96,111,197,210,289,303",2,3475102464,0
509,509,52277,12,509,"0,1,2,3,55,71,96,111,210,251,289,303",2,3475102464,0
510,510,52278,12,510,"0,1,2,3,55,71,96,114,194,212,227,299",2,3475102464,0
511,511,52279,12,511,"0,1,2,3,55,71,96,115,125,182,194,289",6,1158367488,0
512,512,52280,12,512,"0,1,2,3,55,71,96,115,148,160,244,298",2,3475102464,0
513,513,52281,12,513,"0,1,2,3,55,71,96,118,134,197,263,303",2,3475102464,0
514,514,52282,12,514,"0,1,2,3,55,71,96,125,145,178,201,299",1,6950204928,0
515,515,52283,12,515,"0,1,2,3,55,71,96,125,145,178,245,299",1,6950204928,0
516,516,52284,12,516,"0,1,2,3,55,71,96,128,186,236,251,278",2,3475102464,0
517,517,52285,12,517,"0,1,2,3,55,71,96,145,170,186,245,299",3,2316734976,0
518,518,52286,12,518,"0,1,2,3,55,71,96,163,182,221,236,277",1,6950204928,0
519,519,52287,12,519,"0,1,2,3,55,71,96,183,201,212,227,277",3,2316734976,0
520,520,52288,12,520,"0,1,2,3,55,71,96,186,194,229,251,301",2,3475102464,0
521,521,52289,12,521,"0,1,2,3,55,71,98,109,133,254,267,278",2,3475102464,0
522,522,52290,12,522,"0,1,2,3,55,71,98,109,151,164,179,261",2,3475102464,0
523,523,52291,12,523,"0,1,2,3,55,71,98,109,170,178,215,254",2,3475102464,0
524,524,52292,12,524,"0,1,2,3,55,71,98,109,170,212,227,277",4,1737551232,0
525,525,52293,12,525,"0,1,2,3,55,71,98,110,142,185,197,294",1,6950204928,0
526,526,52294,12,526,"0,1,2,3,55,71,98,110,142,197,253,267",1,6950204928,0
527,527,52295,12,527,"0,1,2,3,55,71,98,110,146,159,253,267",1,6950204928,0
528,528,52296,12,528,"0,1,2,3,55,71,98,110,146,233,255,298",1,6950204928,0
529,529,52297,12,529,"0,1,2,3,55,71,98,114,133,151,159,279",1,6950204928,0
530,530,52298,12,530,"0,1,2,3,55,71,98,114,133,151,159,299",2,3475102464,0
531,531,52299,12,531,"0,1,2,3,55,71,98,114,133,151,179,279",2,3475102464,0
532,532,52300,12,532,"0,1,2,3,55,71,98,114,133,159,195,279",1,6950204928,0
533,533,52301,12,533,"0,1,2,3,55,71,98,114,134,147,212,286",1,6950204928,0
534,534,52302,12,534,"0,1,2,3,55,71,98,114,151,159,279,299",1,6950204928,0
535,535,52303,12,535,"0,1,2,3,55,71,98,114,151,179,279,299",1,6950204928,0
536,536,52304,12,536,"0,1,2,3,55,71,98,114,212,227,277,299",6,1158367488,0
537,537,52305,12,537,"0,1,2,3,55,71,98,116,148,214,227,294",1,6950204928,0
538,538,52306,12,538,"0,1,2,3,55,71,98,116,178,204,215,294",1,6950204928,0
539,539,52307,12,539,"0,1,2,3,55,71,98,116,185,212,289,299",6,1158367488,0
540,540,52308,12,540,"0,1,2,3,55,71,98,116,204,214,227,294",2,3475102464,0
541,541,52309,12,541,"0,1,2,3,55,71,98,117,125,163,194,301",1,6950204928,0
542,542,52310,12,542,"0,1,2,3,55,71,98,117,125,194,243,301",1,6950204928,0
543,543,52311,12,543,"0,1,2,3,55,71,98,117,159,194,243,301",1,6950204928,0
544,544,52312,12,544,"0,1,2,3,55,71,98,117,163,196,226,263",2,3475102464,0
545,545,52313,12,545,"0,1,2,3,55,71,98,127,186,197,210,243",1,6950204928,0
546,546,52314,12,546,"0,1,2,3,55,71,98,130,151,196,238,279",1,6950204928,0
547,547,52315,12,547,"0,1,2,3,55,71,98,133,146,186,243,301",1,6950204928,0
548,548,52316,12,548,"0,1,2,3,55,71,98,133,151,164,179,299",1,6950204928,0
549,549,52317,12,549,"0,1,2,3,55,71,98,133,151,164,196,301",1,6950204928,0
550,550,52318,12,550,"0,1,2,3,55,71,98,134,164,195,254,278",12,579183744,0
551,551,52319,12,551,"0,1,2,3,55,71,98,148,186,227,269,277",1,6950204928,0
552,552,52320,12,552,"0,1,2,3,55,71,98,148,212,227,269,277",6,1158367488,0
553,553,52321,12,553,"0,1,2,3,55,71,98,151,159,231,243,301",1,6950204928,0
554,554,52322,12,554,"0,1,2,3,55,71,98,151,164,196,238,243",1,6950204928,0
555,555,52323,12,555,"0,1,2,3,55,71,98,151,196,212,231,261",2,3475102464,0
556,556,52324,12,556,"0,1,2,3,55,71,98,170,178,233,245,282",6,1158367488,0
557,557,52325,12,557,"0,1,2,3,55,71,98,170,186,231,269,301",1,6950204928,0
558,558,52326,12,558,"0,1,2,3,55,71,98,186,231,243,269,301",2,3475102464,0
559,559,52327,12,559,"0,1,2,3,55,71,99,134,146,161,262,301",2,3475102464,0
560,560,52328,12,560,"0,1,2,3,55,71,99,134,164,245,263,302",2,3475102464,0
561,561,52329,12,561,"0,1,2,3,55,71,99,135,164,236,263,302",1,6950204928,0
562,562,52330,12,562,"0,1,2,3,55,71,99,135,221,253,267,282",1,6950204928,0
563,563,52331,12,563,"0,1,2,3,55,71,99,146,159,217,255,298",3,2316734976,0
564,564,52332,12,564,"0,1,2,3,55,71,99,146,159,229,253,301",2,3475102464,0
565,565,52333,12,565,"0,1,2,3,55,71,99,159,186,204,229,298",1,6950204928,0
566,566,52334,12,566,"0,1,2,3,55,71,99,161,186,196,236,245",1,6950204928,0
567,567,52335,12,567,"0,1,2,3,55,71,99,161,186,196,236,277",1,6950204928,0
568,568,52336,12,568,"0,1,2,3,55,71,99,164,196,236,245,263",1,6950204928,0
569,569,52337,12,569,"0,1,2,3,55,71,99,164,196,236,245,302",1,6950204928,0
570,570,52338,12,570,"0,1,2,3,55,71,99,178,196,236,245,284",1,6950204928,0
571,571,52339,12,571,"0,1,2,3,55,71,101,111,125,235,255,282",2,3475102464,0
572,572,52340,12,572,"0,1,2,3,55,71,101,115,161,187,193,282",2,3475102464,0
573,573,52341,12,573,"0,1,2,3,55,71,101,116,128,236,279,294",3,2316734976,0
574,574,52342,12,574,"0,1,2,3,55,71,101,128,146,195,210,251",1,6950204928,0
575,575,52343,12,575,"0,1,2,3,55,71,101,128,146,195,219,251",2,3475102464,0
576,576,52344,12,576,"0,1,2,3,55,71,101,128,163,210,236,251",2,3475102464,0
577,577,52345,12,577,"0,1,2,3,55,71,101,145,164,195,255,282",2,3475102464,0
578,578,52346,12,578,"0,1,2,3,55,71,101,146,187,210,236,251",6,1158367488,0
579,579,52347,12,579,"0,1,2,3,55,71,101,163,204,210,236,279",2,3475102464,0
580,580,52348,12,580,"0,1,2,3,55,71,101,179,193,253,279,301",2,3475102464,0
581,581,52349,12,581,"0,1,2,3,55,71,101,179,231,267,289,300",2,3475102464,0
582,582,52350,12,582,"0,1,2,3,55,71,102,110,146,186,253,301",2,3475102464,0
583,583,52351,12,583,"0,1,2,3,55,71,102,111,135,159,279,294",6,1158367488,0
584,584,52352,12,584,"0,1,2,3,55,71,102,128,160,181,233,278",1,6950204928,0
585,585,52353,12,585,"0,1,2,3,55,71,102,128,181,195,233,278",1,6950204928,0
586,586,52354,12,586,"0,1,2,3,55,71,102,146,160,229,244,268",2,3475102464,0
587,587,52355,12,587,"0,1,2,3,55,71,109,125,146,178,236,268",2,3475102464,0
588,588,52356,12,588,"0,1,2,3,55,71,109,125,148,201,212,249",12,579183744,0
589,589,52357,12,589,"0,1,2,3,55,71,109,125,201,219,249,267",2,3475102464,0
590,590,52358,12,590,"0,1,2,3,55,71,109,149,179,201,220,236",1,6950204928,0
591,591,52359,12,591,"0,1,2,3,55,71,109,149,179,201,236,300",2,3475102464,0
592,592,52360,12,592,"0,1,2,3,55,71,110,130,185,201,261,279",4,1737551232,0
593,593,52361,12,593,"0,1,2,3,55,71,110,135,142,253,269,279",2,3475102464,0
594,594,52362,12,594,"0,1,2,3,55,71,110,135,253,269,279,298",2,3475102464,0
595,595,52363,12,595,"0,1,2,3,55,71,110,145,164,193,286,302",2,3475102464,0
596,596,52364,12,596,"0,1,2,3,55,71,110,145,186,193,214,286",6,1158367488,0
597,597,52365,12,597,"0,1,2,3,55,71,110,145,214,261,284,302",2,3475102464,0
598,598,52366,12,598,"0,1,2,3,55,71,110,186,253,269,279,298",2,3475102464,0
599,599,52367,12,599,"0,1,2,3,55,71,116,127,164,204,254,268",6,1158367488,0
600,600,52368,12,600,"0,1,2,3,55,71,117,163,201,233,262,278",3,2316734976,0
601,601,52369,12,601,"0,1,2,3,55,71,128,164,219,233,255,286",3,2316734976,0
602,602,52370,12,602,"0,1,2,3,55,71,128,181,195,219,233,255",1,6950204928,0
603,603,52371,12,603,"0,1,2,3,55,71,133,164,179,220,238,268",3,2316734976,0
604,604,52372,12,604,"0,1,2,3,55,71,135,170,253,269,279,298",6,1158367488,0
605,605,52373,12,605,"0,1,2,3,55,71,148,185,212,238,265,302",4,1737551232,0
606,606,52374,12,606,"0,1,2,3,55,73,88,115,197,233,262,280",2,3475102464,0
607,607,52375,12,607,"0,1,2,3,55,73,88,118,197,227,262,283",4,1737551232,0
608,608,52376,12,608,"0,1,2,3,55,73,88,132,148,201,220,255",3,2316734976,0
609,609,52377,12,609,"0,1,2,3,55,73,95,111,153,173,195,233",6,1158367488,0
610,610,52378,12,610,"0,1,2,3,55,73,95,116,153,233,251,298",3,2316734976,0
611,611,52379,12,611,"0,1,2,3,55,73,95,133,142,219,251,296",2,3475102464,0
612,612,52380,12,612,"0,1,2,3,55,73,95,185,201,230,272,279",2,3475102464,0
613,613,52381,12,613,"0,1,2,3,55,73,96,133,142,178,220,284",8,868775616,0
614,614,52382,12,614,"0,1,2,3,55,73,102,134,160,237,263,295",24,289591872,0
615,615,52383,12,615,"0,1,2,3,55,75,88,127,141,168,183,230",6,1158367488,0
616,616,52384,12,616,"0,1,2,3,55,75,91,118,167,179,255,258",2,3475102464,0
617,617,52385,12,617,"0,1,2,3,55,75,127,167,204,244,265,277",6,1158367488,0
618,618,52386,12,618,"0,1,2,3,55,78,97,115,186,196,226,253",24,289591872,0
619,619,52387,12,619,"0,1,2,3,55,78,105,128,147,165,186,200",2,3475102464,0
620,620,52388,12,620,"0,1,2,3,55,78,105,128,147,165,186,210",1,6950204928,0
621,621,52389,12,621,"0,1,2,3,55,78,105,128,147,165,186,246",2,3475102464,0
622,622,52390,12,622,"0,1,2,3,55,78,105,128,147,165,200,210",2,3475102464,0
623,623,52391,12,623,"0,1,2,3,55,78,105,128,147,165,200,246",12,579183744,0
624,624,52392,12,624,"0,1,2,3,55,78,105,128,147,165,200,262",4,1737551232,0
625,625,52393,12,625,"0,1,2,3,55,78,105,128,147,186,200,210",2,3475102464,0
626,626,52394,12,626,"0,1,2,3,55,78,105,128,147,186,210,246",4,1737551232,0
627,627,52395,12,627,"0,1,2,3,55,78,105,128,165,186,200,226",6,1158367488,0
628,628,52396,12,628,"0,1,2,3,55,78,105,128,165,186,262,289",24,289591872,0
END
